relay,occurrences
B4E3546B058FEB655A6D8698D97C1459A2DF8E77,1270
C7A51E46740C15DEC0535AF5560A1919CE6E5758,3298
9BD0EE79BB9878DD6D8D8EA2A288D5E301E5C136,1545
01F73DBD9B56C31E3D3AAEB95F8CF1DEB7D9A72F,9436
8FB6DF980DAABE530944E29247DAE6E85CF3AB8F,1094
E97F58C06E7AA7175F9BE2A3C708325C03FB2FB1,4478
46DB04323499DD535956531DF2BF7B03EB2AB15D,1008
4B7F4885DC18018C0B870DD7D8415E265099C187,1586
0A97C6889F8BB21B02BDFD25BE1455D0E4B80D29,4796
1B7F47827E2FFAFE05B92B1C5A92B8F9A4AF67DD,2101
8C76967C2791E2709135846F172ED74AFA3C260E,5501
5F3B05B9A5575E614337AFA84DF04F526CD14C1B,1134
5F0CE7C63590B29E629750E9C5BCDF56C40D6898,4734
03D1EF3EF2BE5145150C58ACC72519DD860E61BA,1720
26CA344A0DA0C93343869BF6A17C852D1D3A0C9B,4455
EF25C1F9BEF8C4A3F2859493C7C8C5148725B4E7,2203
67A54EDB7DADDBBC1E8A07F1EF82364BDAA896B7,1977
4C6FDAF59FFF2E62BA3C8709ED82008045027D95,3595
93030C201E251DCA9B632142DD678B8E63EAC9B5,1019
6E1CEDC61F3707C549B88FB9380E4A750621FCB8,982
57A295377F3167AD554B521F4615184943C39CE1,1260
5897522C8BCC886A59E3032125DDB1D33A156AB3,3943
61866162CCDFE651B0D76AA57ECA90B9CC7C80DD,1275
8029928877A15A504D92996C65BFD4F0BDF4E702,4821
8921CB0ECEA669EEF8A2FD20537D58A676F47228,1193
23B49521BDC4588C7CCF3C38E552504118326B66,4093
408F374F131B45D7D63DBCB00E62F76B647943D9,894
2955D8C86F5848FD3469E3F38A027D3E169359D8,1172
85FF20C8DCDDFE445910B93C74AB06044E305073,4574
77A3ADC5D455778B53C2803761916DFB7DA0A790,1166
A0E3D391B83CED2F264CD6D39525E37775EA1EEB,4711
CA1684516B7FECF3DB76D43FD02F56D8B95E8A69,1504
2AA5F598F9A1812F01CD99E3B59BB87362ED7438,1284
21328917A9379E6B8ABCB49A0DBE3AAE885CFC15,852
3DE791841B38F2071450E0FBFD3B41E067267F32,5655
920FF090D8A853946E407241916F6CAE890BF625,1337
D5C4D888D80F0D5BE98A672B5E10B78EA5D5D5F2,4399
ED9A731373456FA071C12A3E63E2C8BEF0A6E721,2512
0C36AE99B744E32088C9ED23D7A31F8D23AE1A58,1105
CC701FCE86D6AF95FC3D5B71645D3430794910C1,1242
9EEE861CD8A5FE26A1F276879323172F5B91082C,1704
AC7C0F9D57DADAD5D8F4568EE1543EF3E22A47CE,1287
94F5629AE5F2DC409CD44668176597FF48296BA1,1024
C7E37A4FF3196F375FD7BEF26823493C88855630,5498
AF0E2DF4861795CD4CECE2A25686D2BC70C96D03,1253
D8F4634366466972842F5102FE44738326E43DF0,1545
DB6AC7DFB25C9CFC7036B53C78F91D8E3A9279CD,774
38F732DD349A2E59078434651162A2F4201934A5,1029
02351FC88D0BF06F6CDE5452656641E6119DBD7E,771
DAE65AD32A074CECB30AD3FBB7504F0CDC616CD1,1173
B17565B56DA028F45ABEC5EAB31F01675B26241F,1962
90333CD7DF2601BE73557753DEE9B4C8444B5E4A,876
6B762F98D14093EC36FD5055897E49331E579D6D,4466
50B7C4F6C18A3E5FC1D4E2ECE6B7B316B29FB26C,1397
8F744605199E75C26F74E818BDE50D9A7325EC94,5040
CE9003208A047960246052C604A213C3BF096F61,1713
494E5000BA79F0078DFA05E610911C2AC525572F,1422
91892720F9262CB37B91A7176D3D2280F7AF14BE,1895
BB2F9504B41CE4DF1BE3EA22A8A1853CA774BA36,1425
E4B0D0ABF76FAEBC0C95E9363A75A6F0CA0F5E10,1651
2FF236B93D8574F3F77156B9542CA0554CB1DA2C,4802
6CBA90E31188A65E2B6AC1EE8412E8DE571ECAD6,1371
42B4F52C5B11E4D39855F654955425B0D5A0598B,1295
F82E2221121EB77A2DE3E6941027265027EA2378,3830
62AFE393020CC3AA3AA30CA78902F5D40E760926,1011
9E5680B3F5C2CA768F282C85DBAA11732D7456D4,3875
E04861C32098EF38D6BB2AEFEC81095953FEF0ED,1035
82A4BD0933B59E5A6F94BEA01A8EF55ABC031725,1471
68D2ABD936233A569E2B46D6228816149A16B4FA,1541
EA670AB58CD5E1D5DCAB571D100EA1D36D72CA28,823
B3D398B386FAF2CB78B447FBA46BF2648C3F48CD,1023
CD39C258265B25EAA4ABA4FDCB2DF98104CAA362,873
431702B3A68A6015F9955DD4FD0129175B43EA0F,1123
C45FE5C41ACC37E4EA4687FFC54A74F124739DAF,1213
F6740DEABFD5F62612FA025A5079EA72846B1F67,1635
2717355D1ED1C421E3F8930F721BF2FDABA35CDA,1333
427526EBD012CFE50FCFFCBFE221EFFE199AFA8C,1429
BFC4044119080D8BEE70218978EE83C3FC16AE7A,1674
1F2EB70268CE9E18CE864D44D793E2091F3CE72C,1163
AC7C88D67339B90F2C10FF7B702DCB1EF3B8D663,1451
5C386C4F91FD616F0F60F4E6D674D9E3F192C931,1614
F72AF9F63CD443B2CC7FEB8552EC588EF1992F0A,1251
BD2BC415D5D8AE3C34430E70EC82CF3B0C61BDDF,1750
EC167B8C9A38A0F5F79D4A01479035760E0D3D63,819
AF2B014CBE98D2E66B288323B47F2E8DDDD9904E,1073
AE5BFD2CFA3FEF7B91067BE1FCB20B62CD3B6BE2,1147
A0E3BE25F816068DE049C2D47E20942914744E90,1455
ADEA3D5609FCEC1EF2F4426C49313EB82DFE3E6B,1354
FF353F5D011E69ECDA10A57B46D06BC7B3FEB196,1062
4FFE84056F9CBAEC8D67E55107FA8FF1B638FA89,1426
303509AB910EF207B7438C27435C4A2FD579F1B1,978
D56A98D38FC3C75E0347EEF3DD9C12749AF7C7C5,1173
6A84C1DB4C50934A57E13FC7F93EA5217BA0DAB6,1127
FD449127D30D8F5D124653D9EF736EDF4A12B4DC,1287
E7EF73B4722CFAF0E8AA2151D3AA78701DE5F19B,1354
BF50E09EED25B82861CF95E1AAA42DCFEF53E5D1,925
FC2C8BCCD8313004F8623FBF62ADD044105DE429,1405
